<?xml version="1.0" encoding="UTF-8"?>
<project-private xmlns="http://www.netbeans.org/ns/project-private/1">
    <editor-bookmarks xmlns="http://www.netbeans.org/ns/editor-bookmarks/2" lastBookmarkId="0"/>
    <open-files xmlns="http://www.netbeans.org/ns/projectui-open-files/2">
        <group>
            <file>file:/home/bruno/Área%20de%20Trabalho/Java/SEMANA%207/Exercícios%20de%20Fixação/A07ex04/src/a07ex04/Estado.java</file>
            <file>file:/home/bruno/Área%20de%20Trabalho/Java/SEMANA%207/Exercícios%20de%20Fixação/A07ex04/src/a07ex04/Cidade.java</file>
            <file>file:/home/bruno/Área%20de%20Trabalho/Java/SEMANA%207/Exercícios%20de%20Fixação/A07ex04/src/a07ex04/A07ex04.java</file>
        </group>
    </open-files>
</project-private>
